<?xml version="1.0" encoding="UTF-8"?>
<metadata xml:lang="en"><Esri><CreaDate>20140912</CreaDate><CreaTime>09322100</CreaTime><ArcGISFormat>1.0</ArcGISFormat><SyncOnce>TRUE</SyncOnce><DataProperties><itemProps><itemLocation><linkage Sync="TRUE">file://\\GIUFS.ofda.gov\giufileserver\GIU\GIU_Workspace\Country\Syria\Data_Sets\Base Data\Boundaries\Ministry of Local Administration\Sub_Regions</linkage><protocol Sync="TRUE">Local Area Network</protocol></itemLocation></itemProps><copyHistory><copy source="Q:\GIU_Workspace\Country\Syria\Data_Sets\Amin\Sub_Regions" dest="\\GIUFS.ofda.gov\giufileserver\GIU\GIU_Workspace\Country\Syria\Data_Sets\Base Data\Boundaries\Ministry of Local Administration\Sub_Regions" date="20140912" time="09322100"></copy></copyHistory></DataProperties></Esri></metadata>
